{"fiocruz":[{"id":"2015844025143092","periodo":["2010","2019"],"nome":"MARCIA DE AGUIAR FERREIRA"},{"id":"2226422094152807","periodo":["2010","2019"],"nome":"PEDRO MIGUEL OCAMPOS PEDROSO"},{"id":"2368985735640767","periodo":["2010","2019"],"nome":"ANTONIO RAPHAEL TEIXEIRA NETO"},{"id":"2593259109151413","periodo":["2010","2019"],"nome":"RICARDO MIYASAKA DE ALMEIDA"},{"id":"2810864273439126","periodo":["2010","2019"],"nome":"VITOR SALVADOR PICAO GONCALVES"},{"id":"3586382943482522","periodo":["2010","2019"],"nome":"JOSE RENATO JUNQUEIRA BORGES"},{"id":"4197956697217784","periodo":["2010","2019"],"nome":"MARCELO ISMAR SILVA SANTANA"},{"id":"5101695721028346","periodo":["2010","2019"],"nome":"FABIANO JOSE FERREIRA DE SANT ANA"},{"id":"5233360990855723","periodo":["2010","2019"],"nome":"EDUARDO MAURICIO MENDES DE LIMA"},{"id":"5397825086420928","periodo":["2010","2019"],"nome":"ANGELA PATRICIA SANTANA"},{"id":"6355542640228110","periodo":["2010","2019"],"nome":"GLAUCIA BUENO PEREIRA NETO"},{"id":"6430330011206726","periodo":["2010","2019"],"nome":"JULIANA TARGINO SILVA ALMEIDA E MACEDO"},{"id":"6673322487449113","periodo":["2010","2019"],"nome":"SIMONE PERECMANIS"}]}