{ "label": "FiocruzNetwork", "nodes": [   {  "id": "2015844025143092",   "label": "1", "properties": { "name": "Márcia de Aguiar Ferreira"} }, {  "id": "2226422094152807",   "label": "2", "properties": { "name": "Pedro Miguel Ocampos Pedroso"} }, {  "id": "2368985735640767",   "label": "3", "properties": { "name": "Antonio Raphael Teixeira Neto"} }, {  "id": "2593259109151413",   "label": "4", "properties": { "name": "Ricardo Miyasaka de Almeida"} }, {  "id": "2810864273439126",   "label": "5", "properties": { "name": "Vitor Salvador Picão Gonçalves"} }, {  "id": "3586382943482522",   "label": "6", "properties": { "name": "Jose Renato Junqueira Borges"} }, {  "id": "4197956697217784",   "label": "7", "properties": { "name": "Marcelo Ismar Silva Santana"} }, {  "id": "5101695721028346",   "label": "8", "properties": { "name": "Fabiano José Ferreira de Sant'Ana"} }, {  "id": "5233360990855723",   "label": "9", "properties": { "name": "Eduardo Mauricio Mendes de Lima"} }, {  "id": "5397825086420928",   "label": "10", "properties": { "name": "Angela Patrícia Santana"} }, {  "id": "6355542640228110",   "label": "11", "properties": { "name": "Gláucia Bueno Pereira Neto"} }, {  "id": "6430330011206726",   "label": "12", "properties": { "name": "Juliana Targino Silva Almeida e Macêdo"} }, {  "id": "6673322487449113",   "label": "13", "properties": { "name": "Simone Perecmanis"} } ], "links": [  { "source": "2015844025143092",   "target": "2810864273439126", "weigth": "2" }, { "source": "2015844025143092",   "target": "5397825086420928", "weigth": "2" }, { "source": "2015844025143092",   "target": "6673322487449113", "weigth": "1" }, { "source": "2226422094152807",   "target": "2368985735640767", "weigth": "1" }, { "source": "2226422094152807",   "target": "3586382943482522", "weigth": "1" }, { "source": "2226422094152807",   "target": "5101695721028346", "weigth": "1" }, { "source": "2226422094152807",   "target": "6430330011206726", "weigth": "50" }, { "source": "2368985735640767",   "target": "2593259109151413", "weigth": "1" }, { "source": "2368985735640767",   "target": "3586382943482522", "weigth": "1" }, { "source": "2368985735640767",   "target": "5101695721028346", "weigth": "1" }, { "source": "2368985735640767",   "target": "5233360990855723", "weigth": "5" }, { "source": "2368985735640767",   "target": "6430330011206726", "weigth": "1" }, { "source": "2593259109151413",   "target": "3586382943482522", "weigth": "1" }, { "source": "2593259109151413",   "target": "5233360990855723", "weigth": "1" }, { "source": "2593259109151413",   "target": "6355542640228110", "weigth": "1" }, { "source": "2810864273439126",   "target": "3586382943482522", "weigth": "1" }, { "source": "2810864273439126",   "target": "5397825086420928", "weigth": "2" }, { "source": "2810864273439126",   "target": "6673322487449113", "weigth": "1" }, { "source": "3586382943482522",   "target": "5233360990855723", "weigth": "8" }, { "source": "3586382943482522",   "target": "6673322487449113", "weigth": "1" }, { "source": "4197956697217784",   "target": "5233360990855723", "weigth": "14" }, { "source": "5397825086420928",   "target": "6673322487449113", "weigth": "2" } ] }