{"fiocruz":[{"id":"0203682980508537","periodo":["2010","2019"],"nome":"SACHA BRAUN CHAVES"},{"id":"1034449975741992","periodo":["2010","2019"],"nome":"MARIA APARECIDA GODOY SOLER PAJANIAN"},{"id":"1434775469286578","periodo":["2010","2019"],"nome":"GRAZIELLA ANSELMO JOANITTI"},{"id":"1869410903969724","periodo":["2010","2019"],"nome":"MONICA PEREIRA GARCIA"},{"id":"2067881167853475","periodo":["2010","2019"],"nome":"PAULO EDUARDO NARCIZO DE SOUZA"},{"id":"3048218552636238","periodo":["2010","2019"],"nome":"CLAURE NAIN LUNARDI GOMES"},{"id":"3208175361373924","periodo":["2010","2019"],"nome":"JOAO PAULO FIGUEIRO LONGO"},{"id":"3906328524286042","periodo":["2010","2019"],"nome":"ANDERSON DE JESUS GOMES"},{"id":"4232295256587190","periodo":["2010","2019"],"nome":"SEBASTIAO WILLIAM DA SILVA"},{"id":"4626655391830745","periodo":["2010","2019"],"nome":"MARCELO HENRIQUE SOUSA"},{"id":"4839052902231824","periodo":["2010","2019"],"nome":"MARCELLA LEMOS BRETTAS CARNEIRO"},{"id":"5424781102486268","periodo":["2010","2019"],"nome":"LUCIANO PAULINO DA SILVA"},{"id":"5847787136001573","periodo":["2010","2019"],"nome":"PAULO CESAR DE MORAIS"},{"id":"8139627239707745","periodo":["2010","2019"],"nome":"ZULMIRA GUERRERO MARQUES LACAVA"},{"id":"8156077172363756","periodo":["2010","2019"],"nome":"QU FANYAO"},{"id":"8735458741337698","periodo":["2010","2019"],"nome":"LUIS ALEXANDRE MUEHLMANN"},{"id":"9069808208981819","periodo":["2010","2019"],"nome":"CAROLINA MADEIRA LUCCI"},{"id":"9072332484355315","periodo":["2010","2019"],"nome":"RICARDO BENTES DE AZEVEDO"},{"id":"9200128043346112","periodo":["2010","2019"],"nome":"JOSE ANTONIO HUAMANI COAQUIRA"},{"id":"9503247246808549","periodo":["2010","2019"],"nome":"JUDES GONCALVES DOS SANTOS"},{"id":"9757708390518979","periodo":["2010","2019"],"nome":"SONIA NAIR BAO"}]}