{ "label": "FiocruzNetwork", "nodes": [   {  "id": "0203682980508537",   "label": "1", "properties": { "name": "Sacha Braun Chaves"} }, {  "id": "1034449975741992",   "label": "2", "properties": { "name": "Maria Aparecida Godoy Soler Pajanian"} }, {  "id": "1434775469286578",   "label": "3", "properties": { "name": "Graziella Anselmo Joanitti"} }, {  "id": "1869410903969724",   "label": "4", "properties": { "name": "Monica Pereira Garcia"} }, {  "id": "2067881167853475",   "label": "5", "properties": { "name": "Paulo Eduardo Narcizo de Souza"} }, {  "id": "3048218552636238",   "label": "6", "properties": { "name": "Claure Nain Lunardi Gomes"} }, {  "id": "3208175361373924",   "label": "7", "properties": { "name": "João Paulo Figueiró Longo"} }, {  "id": "3906328524286042",   "label": "8", "properties": { "name": "Anderson de Jesus Gomes"} }, {  "id": "4232295256587190",   "label": "9", "properties": { "name": "Sebastiao William da Silva"} }, {  "id": "4626655391830745",   "label": "10", "properties": { "name": "Marcelo Henrique Sousa"} }, {  "id": "4839052902231824",   "label": "11", "properties": { "name": "Marcella Lemos Brettas Carneiro"} }, {  "id": "5424781102486268",   "label": "12", "properties": { "name": "Luciano Paulino da Silva"} }, {  "id": "5847787136001573",   "label": "13", "properties": { "name": "Paulo Cesar de Morais"} }, {  "id": "8139627239707745",   "label": "14", "properties": { "name": "Zulmira Guerrero Marques Lacava"} }, {  "id": "8156077172363756",   "label": "15", "properties": { "name": "Qu Fanyao"} }, {  "id": "8735458741337698",   "label": "16", "properties": { "name": "Luis Alexandre Muehlmann"} }, {  "id": "9069808208981819",   "label": "17", "properties": { "name": "Carolina Madeira Lucci"} }, {  "id": "9072332484355315",   "label": "18", "properties": { "name": "Ricardo Bentes de Azevedo"} }, {  "id": "9200128043346112",   "label": "19", "properties": { "name": "José Antonio Huamaní Coaquira"} }, {  "id": "9503247246808549",   "label": "20", "properties": { "name": "Judes Goncalves dos Santos"} }, {  "id": "9757708390518979",   "label": "21", "properties": { "name": "Sônia Nair Báo"} } ], "links": [  { "source": "0203682980508537",   "target": "1434775469286578", "weigth": "1" }, { "source": "0203682980508537",   "target": "1869410903969724", "weigth": "1" }, { "source": "0203682980508537",   "target": "3208175361373924", "weigth": "1" }, { "source": "0203682980508537",   "target": "4232295256587190", "weigth": "1" }, { "source": "0203682980508537",   "target": "4626655391830745", "weigth": "1" }, { "source": "0203682980508537",   "target": "5847787136001573", "weigth": "1" }, { "source": "0203682980508537",   "target": "8139627239707745", "weigth": "1" }, { "source": "0203682980508537",   "target": "8735458741337698", "weigth": "1" }, { "source": "0203682980508537",   "target": "9069808208981819", "weigth": "1" }, { "source": "0203682980508537",   "target": "9072332484355315", "weigth": "5" }, { "source": "1034449975741992",   "target": "2067881167853475", "weigth": "1" }, { "source": "1034449975741992",   "target": "5847787136001573", "weigth": "12" }, { "source": "1034449975741992",   "target": "9072332484355315", "weigth": "2" }, { "source": "1034449975741992",   "target": "9757708390518979", "weigth": "2" }, { "source": "1434775469286578",   "target": "1869410903969724", "weigth": "1" }, { "source": "1434775469286578",   "target": "3048218552636238", "weigth": "1" }, { "source": "1434775469286578",   "target": "3208175361373924", "weigth": "5" }, { "source": "1434775469286578",   "target": "3906328524286042", "weigth": "2" }, { "source": "1434775469286578",   "target": "4232295256587190", "weigth": "2" }, { "source": "1434775469286578",   "target": "4626655391830745", "weigth": "1" }, { "source": "1434775469286578",   "target": "4839052902231824", "weigth": "2" }, { "source": "1434775469286578",   "target": "5424781102486268", "weigth": "23" }, { "source": "1434775469286578",   "target": "5847787136001573", "weigth": "3" }, { "source": "1434775469286578",   "target": "8139627239707745", "weigth": "1" }, { "source": "1434775469286578",   "target": "8735458741337698", "weigth": "3" }, { "source": "1434775469286578",   "target": "9072332484355315", "weigth": "12" }, { "source": "1434775469286578",   "target": "9757708390518979", "weigth": "4" }, { "source": "1869410903969724",   "target": "2067881167853475", "weigth": "1" }, { "source": "1869410903969724",   "target": "3208175361373924", "weigth": "2" }, { "source": "1869410903969724",   "target": "4232295256587190", "weigth": "1" }, { "source": "1869410903969724",   "target": "5847787136001573", "weigth": "1" }, { "source": "1869410903969724",   "target": "8735458741337698", "weigth": "2" }, { "source": "1869410903969724",   "target": "9069808208981819", "weigth": "1" }, { "source": "1869410903969724",   "target": "9072332484355315", "weigth": "5" }, { "source": "1869410903969724",   "target": "9757708390518979", "weigth": "1" }, { "source": "2067881167853475",   "target": "3208175361373924", "weigth": "5" }, { "source": "2067881167853475",   "target": "4232295256587190", "weigth": "2" }, { "source": "2067881167853475",   "target": "4839052902231824", "weigth": "1" }, { "source": "2067881167853475",   "target": "5847787136001573", "weigth": "1" }, { "source": "2067881167853475",   "target": "8139627239707745", "weigth": "1" }, { "source": "2067881167853475",   "target": "8735458741337698", "weigth": "4" }, { "source": "2067881167853475",   "target": "9069808208981819", "weigth": "1" }, { "source": "2067881167853475",   "target": "9072332484355315", "weigth": "6" }, { "source": "2067881167853475",   "target": "9200128043346112", "weigth": "1" }, { "source": "2067881167853475",   "target": "9757708390518979", "weigth": "1" }, { "source": "3048218552636238",   "target": "3906328524286042", "weigth": "7" }, { "source": "3048218552636238",   "target": "5424781102486268", "weigth": "1" }, { "source": "3048218552636238",   "target": "9072332484355315", "weigth": "4" }, { "source": "3208175361373924",   "target": "4232295256587190", "weigth": "3" }, { "source": "3208175361373924",   "target": "5847787136001573", "weigth": "3" }, { "source": "3208175361373924",   "target": "8139627239707745", "weigth": "6" }, { "source": "3208175361373924",   "target": "8735458741337698", "weigth": "19" }, { "source": "3208175361373924",   "target": "9069808208981819", "weigth": "3" }, { "source": "3208175361373924",   "target": "9072332484355315", "weigth": "31" }, { "source": "3208175361373924",   "target": "9757708390518979", "weigth": "3" }, { "source": "3906328524286042",   "target": "5424781102486268", "weigth": "2" }, { "source": "3906328524286042",   "target": "9072332484355315", "weigth": "4" }, { "source": "4232295256587190",   "target": "4626655391830745", "weigth": "1" }, { "source": "4232295256587190",   "target": "5847787136001573", "weigth": "25" }, { "source": "4232295256587190",   "target": "8139627239707745", "weigth": "1" }, { "source": "4232295256587190",   "target": "8735458741337698", "weigth": "2" }, { "source": "4232295256587190",   "target": "9069808208981819", "weigth": "1" }, { "source": "4232295256587190",   "target": "9072332484355315", "weigth": "5" }, { "source": "4232295256587190",   "target": "9200128043346112", "weigth": "13" }, { "source": "4626655391830745",   "target": "5424781102486268", "weigth": "2" }, { "source": "4626655391830745",   "target": "5847787136001573", "weigth": "6" }, { "source": "4626655391830745",   "target": "8735458741337698", "weigth": "2" }, { "source": "4626655391830745",   "target": "9072332484355315", "weigth": "3" }, { "source": "4626655391830745",   "target": "9200128043346112", "weigth": "1" }, { "source": "4839052902231824",   "target": "8139627239707745", "weigth": "2" }, { "source": "4839052902231824",   "target": "9757708390518979", "weigth": "11" }, { "source": "5424781102486268",   "target": "5847787136001573", "weigth": "1" }, { "source": "5424781102486268",   "target": "9072332484355315", "weigth": "3" }, { "source": "5424781102486268",   "target": "9757708390518979", "weigth": "1" }, { "source": "5847787136001573",   "target": "8139627239707745", "weigth": "9" }, { "source": "5847787136001573",   "target": "8156077172363756", "weigth": "4" }, { "source": "5847787136001573",   "target": "8735458741337698", "weigth": "3" }, { "source": "5847787136001573",   "target": "9069808208981819", "weigth": "1" }, { "source": "5847787136001573",   "target": "9072332484355315", "weigth": "22" }, { "source": "5847787136001573",   "target": "9200128043346112", "weigth": "16" }, { "source": "5847787136001573",   "target": "9503247246808549", "weigth": "8" }, { "source": "5847787136001573",   "target": "9757708390518979", "weigth": "4" }, { "source": "8139627239707745",   "target": "8735458741337698", "weigth": "2" }, { "source": "8139627239707745",   "target": "9069808208981819", "weigth": "2" }, { "source": "8139627239707745",   "target": "9072332484355315", "weigth": "8" }, { "source": "8139627239707745",   "target": "9757708390518979", "weigth": "7" }, { "source": "8156077172363756",   "target": "9072332484355315", "weigth": "1" }, { "source": "8735458741337698",   "target": "9069808208981819", "weigth": "3" }, { "source": "8735458741337698",   "target": "9072332484355315", "weigth": "22" }, { "source": "8735458741337698",   "target": "9757708390518979", "weigth": "2" }, { "source": "9069808208981819",   "target": "9072332484355315", "weigth": "9" }, { "source": "9069808208981819",   "target": "9757708390518979", "weigth": "5" }, { "source": "9072332484355315",   "target": "9200128043346112", "weigth": "4" }, { "source": "9072332484355315",   "target": "9503247246808549", "weigth": "5" }, { "source": "9072332484355315",   "target": "9757708390518979", "weigth": "7" }, { "source": "9200128043346112",   "target": "9503247246808549", "weigth": "2" } ] }